listing_id,price,size,bedrooms,neighborhood,type
100001,145143.0,1280.7417595169447,1.0,Suburb,Townhouse
100002,152251.0,1406.283112745498,2.0,Uptown,SingleFamily
100003,148251.0,4146.825713464293,6.0,Suburb,MultiFamily
100004,177711.0,3946.599818362374,6.0,Suburb,SingleFamily
100005,155269.0,1243.7517603273493,1.0,Downtown,MultiFamily
100006,143269.0,,4.0,Waterfront,SingleFamily
100007,191127.0,1404.9803571361433,1.0,Suburb,SingleFamily
100008,152486.0,838.9527227624885,1.0,Suburb,Condo
100009,145388.0,1650.9265170070487,1.0,Downtown,SingleFamily
100010,145500.0,1153.725794633751,,Uptown,Townhouse
100011,147254.0,1755.1372077854169,3.0,Midtown,SingleFamily
100012,156516.0,1141.3053758497786,1.0,Waterfront,SingleFamily
100013,167330.0,1343.8702007433792,1.0,Suburb,MultiFamily
100014,109223.0,1848.2961308973229,3.0,Suburb,MultiFamily
100015,187280.0,1682.7310192483385,1.0,Uptown,Condo
100016,162738.0,2092.500801837941,4.0,Midtown,SingleFamily
100017,174311.0,1197.3054535010865,2.0,Uptown,SingleFamily
100018,96746.0,1996.478196430746,3.0,Downtown,Townhouse
100019,164196.0,1236.3588235352477,0.0,Suburb,Condo
100020,181335.0,2041.622819013318,2.0,Suburb,Condo
100021,188214.0,2092.838302610256,3.0,Suburb,SingleFamily
100022,131593.0,961.27869806926,2.0,Midtown,Townhouse
100023,129736.0,1494.1769564084575,2.0,Waterfront,MultiFamily
100024,159819.0,2054.6839299466565,2.0,Suburb,Townhouse
100025,177436.0,2174.46488456228,3.0,Suburb,MultiFamily
100026,156234.0,1481.2687098032245,2.0,Midtown,Townhouse
100027,157704.0,3249.065227712837,4.0,Uptown,SingleFamily
100028,146677.0,1905.7459197496185,3.0,Downtown,Condo
100029,106692.0,1572.1054631554352,2.0,Downtown,SingleFamily
100030,124403.0,2731.326408891036,4.0,Suburb,SingleFamily
100031,154820.0,3452.40966490501,4.0,Suburb,MultiFamily
100032,170367.0,3968.60374486364,6.0,Waterfront,SingleFamily
100033,181358.0,916.1682636194126,1.0,Midtown,Condo
100034,175847.0,1125.197000760101,1.0,Midtown,Townhouse
100035,197880.0,2489.212253519875,3.0,Uptown,Condo
100036,148189.0,972.2389739414988,1.0,Midtown,Condo
100037,165006.0,1082.5889239598584,1.0,Downtown,SingleFamily
100038,174251.0,1603.3204743687952,2.0,Uptown,SingleFamily
100039,141224.0,,3.0,Midtown,SingleFamily
100040,170258.0,2026.6939587422944,2.0,Suburb,SingleFamily
100041,161219.0,1513.6855731295614,2.0,Uptown,SingleFamily
100042,123703.0,1659.091825214873,1.0,Suburb,SingleFamily
100043,166963.0,1274.9752268160305,2.0,Suburb,Condo
100044,177245.0,1035.0154467346124,1.0,Midtown,Condo
100045,152033.0,4500.0,6.0,Suburb,SingleFamily
100046,140592.0,2331.1777126083366,4.0,Suburb,SingleFamily
100047,159769.0,1920.54766981318,1.0,Midtown,Condo
100048,153461.0,1523.587280360659,1.0,Midtown,SingleFamily
100049,156987.0,1968.2796438796229,3.0,Suburb,SingleFamily
100050,194206.0,1043.4169198407212,1.0,Downtown,Condo
100051,168067.0,615.1721102860279,0.0,Midtown,Townhouse
100052,199583.0,1061.7744034467437,1.0,Downtown,SingleFamily
100053,157410.0,1114.6363219186967,2.0,Suburb,SingleFamily
100054,185824.0,744.3978806581341,1.0,Suburb,Condo
100055,148834.0,1382.4663028015336,2.0,Suburb,SingleFamily
100056,127813.0,2874.7887945955918,4.0,Suburb,Townhouse
100057,136313.0,1871.409821996931,1.0,Uptown,SingleFamily
100058,152861.0,2325.516204485235,4.0,Uptown,Condo
100059,149251.0,1985.9325909620636,,Downtown,SingleFamily
100060,170013.0,1946.7091080564744,3.0,Downtown,Townhouse
100061,159700.0,1193.5484640832533,1.0,Suburb,Condo
100062,187633.0,2283.313220404591,4.0,Uptown,SingleFamily
100063,183258.0,1910.365725300937,3.0,Uptown,Condo
100064,168864.0,,2.0,Suburb,Condo
100065,170626.0,2199.178432253636,2.0,Suburb,Townhouse
100066,170810.0,2317.3178935120204,,Uptown,SingleFamily
100067,165296.0,1568.1574063966048,,Uptown,SingleFamily
100068,146475.0,1019.4627468157544,1.0,Midtown,MultiFamily
100069,170302.0,884.9711838316391,0.0,Downtown,Condo
100070,161329.0,1686.2745050169142,2.0,Uptown,Townhouse
100071,194478.0,1578.8522753874345,2.0,Midtown,Condo
100072,164694.0,1440.313330232231,2.0,Uptown,SingleFamily
100073,129710.0,1771.0092653318204,2.0,Suburb,MultiFamily
100074,190835.0,2207.6590123278324,3.0,Midtown,SingleFamily
100075,161762.0,2135.3092226346903,4.0,Downtown,SingleFamily
100076,149803.0,2678.890625355609,3.0,Midtown,Townhouse
100077,149861.0,2361.2426150926026,3.0,Midtown,MultiFamily
100078,164456.0,1273.530187549124,1.0,Suburb,Townhouse
100079,190643.0,2668.4556433990147,4.0,Uptown,Condo
100080,186741.0,1501.4074143317778,1.0,Suburb,Townhouse
100081,182716.0,2358.321660828461,2.0,Suburb,Condo
100082,164881.0,1515.9465663616909,1.0,Uptown,Condo
100083,171703.0,1416.221541022387,2.0,Suburb,Condo
100084,172272.0,786.2746029840924,0.0,Downtown,Townhouse
100085,128030.0,1619.6290514570062,2.0,Downtown,SingleFamily
100086,155879.0,857.6669617292689,1.0,Downtown,Townhouse
100087,171557.0,2536.536210161169,3.0,Suburb,Townhouse
100088,206825.0,2699.6500432985863,4.0,Uptown,MultiFamily
100089,205066.0,1301.250694629531,1.0,Downtown,SingleFamily
100090,182098.0,2112.631825486959,3.0,Uptown,SingleFamily
100091,168404.0,1039.102841359042,1.0,Downtown,Condo
100092,136860.0,1685.858729050003,2.0,Suburb,SingleFamily
100093,162242.0,1941.2223798779216,2.0,Uptown,Condo
100094,175435.0,1535.3468698777958,3.0,Midtown,Townhouse
100095,152300.0,2776.3067456507806,4.0,Midtown,MultiFamily
100096,170523.0,1774.4018025391283,1.0,Suburb,SingleFamily
100097,151484.0,2565.1384079566087,4.0,Midtown,SingleFamily
100098,163764.0,1779.5124380099337,2.0,Downtown,SingleFamily
100099,166782.0,2272.242034440724,4.0,Downtown,SingleFamily
100100,220785.0,1330.7458053251182,2.0,Waterfront,Condo
100101,141356.0,1529.4361344087472,2.0,Waterfront,Condo
100102,172489.0,,2.0,Suburb,Townhouse
100103,189249.0,1050.876660750056,1.0,Midtown,Condo
100104,153628.0,2519.280281423648,4.0,Waterfront,SingleFamily
100105,196761.0,2054.0878339248384,3.0,Suburb,Condo
100106,156414.0,,4.0,Suburb,SingleFamily
100107,201096.0,3254.9688310130227,5.0,Uptown,SingleFamily
100108,167879.0,3002.710562134803,4.0,Midtown,SingleFamily
100109,148558.0,1298.245944050524,1.0,Downtown,Townhouse
100110,127435.0,1959.7423930161044,2.0,Waterfront,Townhouse
100111,198785.0,1276.3245214951648,1.0,Uptown,MultiFamily
100112,184739.0,,1.0,Midtown,SingleFamily
100113,169376.0,1465.699222849632,2.0,Midtown,SingleFamily
100114,148468.0,2799.019925262298,5.0,Uptown,MultiFamily
100115,165653.0,1953.336768697068,3.0,Downtown,SingleFamily
100116,134220.0,1515.786621283137,1.0,Suburb,Condo
100117,188848.0,3189.969071092923,5.0,Suburb,SingleFamily
100118,179650.0,765.3127750725857,1.0,Suburb,Condo
100119,211211.0,,1.0,Uptown,SingleFamily
100120,165616.0,2318.1935736624177,3.0,Suburb,MultiFamily
100121,164638.0,1941.3986712343712,1.0,Uptown,SingleFamily
100122,173900.0,1973.6821821705255,3.0,Suburb,Townhouse
100123,193253.0,841.9842965064232,0.0,Downtown,Condo
100124,185325.0,1574.775814616435,2.0,Uptown,MultiFamily
100125,215957.0,,3.0,Downtown,Condo
100126,184001.0,,3.0,Uptown,Condo
100127,159810.0,1494.276303657144,2.0,Midtown,Condo
100128,173148.0,1148.636805217463,1.0,Downtown,Condo
100129,202326.0,1289.357745725239,1.0,Downtown,Townhouse
100130,183479.0,902.1499417442848,0.0,Uptown,SingleFamily
100131,144795.0,1619.988204978422,2.0,Downtown,Townhouse
100132,173095.0,2092.0905077015764,2.0,Waterfront,Condo
100133,155266.0,852.8069777052649,0.0,Uptown,Condo
100134,209014.0,1234.6021947908894,2.0,Midtown,Townhouse
100135,164088.0,987.2145371869524,1.0,Uptown,Condo
100136,191728.0,1226.7541793565783,1.0,Downtown,SingleFamily
100137,165942.0,,2.0,Waterfront,Condo
100138,191968.0,788.7577549481525,1.0,Uptown,Townhouse
100139,161535.0,2241.7109122749707,3.0,Suburb,Townhouse
100140,188755.0,1927.249767067602,2.0,Downtown,Townhouse
100141,147782.0,1355.7554344885496,2.0,Uptown,Condo
100142,175734.0,621.2614584994232,0.0,Uptown,Condo
100143,145814.0,1409.8709874155738,2.0,Waterfront,SingleFamily
100144,164335.0,,3.0,Uptown,Condo
100145,170403.0,718.8854321819975,0.0,Uptown,SingleFamily
100146,162189.0,1377.9701723534636,2.0,Midtown,Townhouse
100147,141381.0,,1.0,Midtown,Townhouse
100148,164734.0,2168.0850804828938,3.0,Uptown,Townhouse
100149,155849.0,1500.7347743949515,2.0,Uptown,SingleFamily
100150,179177.0,1981.0532114818493,1.0,Downtown,SingleFamily
100151,174835.0,1994.026313371291,3.0,Suburb,Condo
100152,160566.0,3438.1164056464204,3.0,Suburb,Townhouse
100153,176245.0,,1.0,Downtown,Condo
100154,175505.0,1866.1178378150964,3.0,Uptown,Townhouse
100155,177470.0,1022.7297758258834,1.0,Downtown,SingleFamily
100156,176779.0,2481.565145504068,3.0,Suburb,Condo
100157,171123.0,1192.5175065204394,1.0,Midtown,Townhouse
100158,191732.0,1441.9275048749485,2.0,Suburb,MultiFamily
100159,160499.0,1623.2949328541945,1.0,Suburb,Condo
100160,190931.0,,2.0,Suburb,Townhouse
100161,167648.0,1863.235012754241,,Downtown,SingleFamily
100162,164564.0,2183.344589673952,2.0,Waterfront,Condo
100163,166966.0,1560.133756983477,2.0,Midtown,Condo
100164,164152.0,768.0738232392118,0.0,Downtown,Condo
100165,148841.0,1520.305753126845,2.0,Uptown,MultiFamily
100166,149543.0,1825.6842295315864,3.0,Midtown,Condo
100167,192045.0,847.850168348091,0.0,Suburb,Condo
100168,175114.0,1123.0819150850994,1.0,Suburb,Condo
100169,147334.0,1913.6931901346115,,Midtown,Condo
100170,206809.0,2196.308777856297,4.0,Waterfront,SingleFamily
100171,200929.0,1626.5070067021445,1.0,Midtown,Condo
100172,158748.0,3643.9487084675866,6.0,Uptown,SingleFamily
100173,164081.0,2130.247549722046,,Midtown,SingleFamily
100174,179503.0,2515.585361721575,3.0,Waterfront,SingleFamily
100175,172902.0,,5.0,Downtown,Condo
100176,152925.0,,2.0,Downtown,SingleFamily
100177,159022.0,1437.6153784692344,1.0,Uptown,SingleFamily
100178,194435.0,1807.5520302754408,2.0,Waterfront,Condo
100179,131456.0,2449.518761300579,3.0,Suburb,SingleFamily
100180,198639.0,1746.9900468186468,1.0,Suburb,SingleFamily
100181,153968.0,1139.8603605676449,1.0,Suburb,Condo
100182,194684.0,3938.068082829338,5.0,Suburb,MultiFamily
100183,188838.0,1834.257808495367,2.0,Uptown,Townhouse
100184,145239.0,1399.261835938932,1.0,Midtown,SingleFamily
100185,179731.0,2417.70882897125,3.0,Suburb,MultiFamily
100186,193265.0,,3.0,Suburb,Townhouse
100187,182528.0,1654.8927693669104,2.0,Midtown,SingleFamily
100188,169824.0,1802.257825179924,2.0,Downtown,Townhouse
100189,200415.0,1336.5423283468997,0.0,Suburb,SingleFamily
100190,202155.0,2045.5449687694804,2.0,Midtown,SingleFamily
100191,169647.0,3039.76102984282,5.0,Waterfront,Condo
100192,181965.0,1831.997502133794,,Midtown,Townhouse
100193,182901.0,1297.6701765138428,2.0,Downtown,Townhouse
100194,170087.0,1369.9275741627678,1.0,Suburb,Condo
100195,185661.0,1160.238665814358,1.0,Downtown,Condo
100196,206620.0,1354.3989596374777,1.0,Downtown,Townhouse
100197,196755.0,1296.9462135112456,2.0,Uptown,Condo
100198,158187.0,2254.5575051713504,3.0,Suburb,Condo
100199,162472.0,985.7244113652991,1.0,Midtown,SingleFamily
100200,187556.0,2444.754572791468,3.0,Midtown,SingleFamily
100201,192262.0,1839.2436681862805,2.0,Suburb,SingleFamily
100202,184831.0,1962.4161546396488,3.0,Waterfront,Townhouse
100203,198887.0,1281.2023237077492,2.0,Uptown,SingleFamily
100204,217514.0,2738.1036833120165,4.0,Downtown,SingleFamily
100205,179057.0,2071.3839465162077,3.0,Downtown,Condo
100206,140561.0,1970.13369322888,,Midtown,Condo
100207,179789.0,1012.1538140562772,1.0,Downtown,SingleFamily
100208,201324.0,2186.7952062166064,3.0,Suburb,Condo
100209,159445.0,1981.6780815270383,3.0,Downtown,SingleFamily
100210,161642.0,905.1992303487946,2.0,Uptown,MultiFamily
100211,168625.0,1622.1308698691616,1.0,Suburb,Condo
100212,171630.0,1681.7447432881202,3.0,Uptown,Condo
100213,220746.0,1834.6818117062612,1.0,Midtown,MultiFamily
100214,213507.0,2235.100513304294,3.0,Suburb,SingleFamily
100215,188406.0,1811.537109974676,3.0,Suburb,Condo
100216,168672.0,3518.4083297799443,5.0,Suburb,SingleFamily
100217,176454.0,2641.5254955227656,4.0,Downtown,SingleFamily
100218,220760.0,630.511103688929,0.0,Downtown,SingleFamily
100219,175595.0,1788.0778692267456,2.0,Waterfront,SingleFamily
100220,176526.0,1329.2526425186202,1.0,Midtown,Condo
100221,211813.0,762.6242908151659,0.0,Midtown,Condo
100222,234545.0,1964.4430919757776,2.0,Uptown,SingleFamily
100223,161676.0,,4.0,Suburb,Condo
100224,186576.0,1366.0808819055992,1.0,Waterfront,SingleFamily
100225,196937.0,2033.960849808404,2.0,Midtown,SingleFamily
100226,196976.0,1129.4225720836212,0.0,Waterfront,Condo
100227,185930.0,1359.4436194951447,2.0,Downtown,SingleFamily
100228,208369.0,,4.0,Uptown,Condo
100229,199090.0,,2.0,Suburb,SingleFamily
100230,196883.0,1574.62806025714,,Downtown,Condo
100231,184863.0,,1.0,Downtown,SingleFamily
100232,190250.0,3647.550576918547,6.0,Uptown,SingleFamily
100233,170318.0,2123.728089853902,3.0,Waterfront,Townhouse
100234,161331.0,1783.129160222071,2.0,Uptown,SingleFamily
100235,184080.0,2444.1221009114643,3.0,Waterfront,SingleFamily
100236,213457.0,1282.4956687782492,3.0,Suburb,SingleFamily
100237,186767.0,2875.223702050799,4.0,Uptown,SingleFamily
100238,200951.0,1566.509740815525,2.0,Suburb,MultiFamily
100239,192325.0,1378.2580107751126,2.0,Downtown,Townhouse
100240,204994.0,1447.9738809457456,2.0,Downtown,SingleFamily
100241,230319.0,1335.114064875948,1.0,Suburb,Condo
100242,202282.0,2678.828132996533,4.0,Suburb,SingleFamily
100243,185590.0,1977.45787553538,3.0,Midtown,SingleFamily
100244,213009.0,2055.165891557805,2.0,Uptown,Townhouse
100245,193376.0,1630.9563812155588,,Suburb,Condo
100246,206045.0,2513.973715580632,4.0,Suburb,SingleFamily
100247,199247.0,1561.50119127365,,Suburb,Townhouse
100248,195154.0,4148.101938949573,6.0,Uptown,SingleFamily
100249,172556.0,813.4011068561155,1.0,Midtown,Condo
100250,182423.0,,3.0,Uptown,MultiFamily
100251,185815.0,2640.6162785761094,5.0,Suburb,Condo
100252,160668.0,1214.0830966430103,1.0,Suburb,Condo
100253,202593.0,4147.436716393188,6.0,Uptown,SingleFamily
100254,208649.0,2139.701471596205,,Midtown,MultiFamily
100255,188219.0,1978.1130265553547,3.0,Midtown,Condo
100256,221185.0,1825.862515235435,3.0,Suburb,Townhouse
100257,187868.0,1946.8556143761484,3.0,Suburb,SingleFamily
100258,203788.0,1598.317688742155,2.0,Downtown,SingleFamily
100259,204863.0,1697.116152556394,2.0,Downtown,Townhouse
100260,195994.0,3103.9016511900727,4.0,Uptown,SingleFamily
100261,217825.0,1832.543142122024,2.0,Downtown,SingleFamily
100262,191936.0,1526.8998728282934,1.0,Suburb,SingleFamily
100263,191203.0,2412.8151862619147,4.0,Midtown,SingleFamily
100264,195134.0,2374.169001741985,2.0,Downtown,SingleFamily
100265,171680.0,1956.927333165345,3.0,Waterfront,Condo
100266,234237.0,1864.8289597524515,2.0,Downtown,MultiFamily
100267,192221.0,1644.4728475815052,3.0,Midtown,SingleFamily
100268,182643.0,,1.0,Downtown,SingleFamily
100269,225957.0,988.4443061824102,1.0,Downtown,Condo
100270,176368.0,755.6572217994081,0.0,Downtown,Condo
100271,204453.0,1868.576171170947,3.0,Downtown,SingleFamily
100272,181092.0,1300.8756919520774,2.0,Downtown,Condo
100273,228566.0,1231.5198098885417,1.0,Downtown,MultiFamily
100274,235020.0,,1.0,Uptown,Townhouse
100275,218888.0,,1.0,Suburb,SingleFamily
100276,192518.0,,4.0,Midtown,SingleFamily
100277,195169.0,1233.2162832382603,2.0,Midtown,Townhouse
100278,204013.0,,3.0,Uptown,Townhouse
100279,185507.0,1291.1132368485185,3.0,Suburb,SingleFamily
100280,199098.0,3475.685201418481,5.0,Suburb,SingleFamily
100281,191491.0,1407.528092526427,1.0,Downtown,Townhouse
100282,184076.0,2001.2237326820848,2.0,Midtown,SingleFamily
100283,176007.0,3408.48410400564,5.0,Midtown,MultiFamily
100284,206450.0,,4.0,Midtown,Townhouse
100285,223233.0,1329.6912249222853,2.0,Uptown,Condo
100286,190335.0,1329.253699189496,1.0,Uptown,Townhouse
100287,147972.0,1320.8876424285072,2.0,Downtown,Townhouse
100288,193149.0,1683.220811926125,1.0,Midtown,Condo
100289,192842.0,,2.0,Uptown,Condo
100290,207014.0,1497.6680577701068,4.0,Downtown,SingleFamily
100291,154794.0,3021.514388255763,5.0,Suburb,Townhouse
100292,218812.0,1380.2591327491662,2.0,Downtown,MultiFamily
100293,201332.0,3480.2387702759024,5.0,Waterfront,Condo
100294,195379.0,1382.653692657316,1.0,Downtown,Condo
100295,222177.0,3923.978878316148,6.0,Suburb,SingleFamily
100296,202685.0,2264.392517950664,2.0,Waterfront,SingleFamily
100297,213884.0,2179.904179888004,2.0,Waterfront,Condo
100298,188751.0,1269.5098143190835,2.0,Suburb,Condo
100299,195971.0,1213.4032235059867,2.0,Suburb,Condo
100300,200541.0,2467.342857202258,4.0,Suburb,SingleFamily
100301,197006.0,,3.0,Suburb,Townhouse
100302,217175.0,1358.4366231520396,,Downtown,Condo
100303,179134.0,943.6566037203044,1.0,Uptown,Condo
100304,194090.0,1016.2854788587334,1.0,Uptown,Townhouse
100305,204779.0,1064.7574004976502,1.0,Suburb,MultiFamily
100306,211124.0,1023.8571157583176,1.0,Uptown,SingleFamily
100307,170741.0,1616.9870902944317,2.0,Midtown,Townhouse
100308,225757.0,2425.4330690388456,3.0,Suburb,Condo
100309,205091.0,1401.5085547421295,0.0,Midtown,Condo
100310,180944.0,607.1979408974129,0.0,Downtown,Condo
100311,180550.0,1777.9811938539624,2.0,Uptown,SingleFamily
100312,179590.0,1795.4668509096116,2.0,Uptown,SingleFamily
100313,182972.0,3145.095588835148,5.0,Midtown,MultiFamily
100314,196760.0,906.8723762690516,1.0,Midtown,MultiFamily
100315,153896.0,1317.1990629285424,0.0,Midtown,MultiFamily
100316,171874.0,2743.6609979445834,3.0,Midtown,MultiFamily
100317,189997.0,1648.2879455877005,2.0,Midtown,Condo
100318,250465.0,1992.528224094656,3.0,Suburb,Condo
100319,196413.0,,1.0,Midtown,Townhouse
100320,223620.0,2242.799718036378,3.0,Waterfront,SingleFamily
100321,231379.0,,3.0,Waterfront,Condo
100322,172962.0,1431.7887109106605,2.0,Uptown,SingleFamily
100323,177219.0,2458.53396629504,3.0,Midtown,SingleFamily
100324,198492.0,1175.5000894672337,1.0,Uptown,SingleFamily
100325,158569.0,1835.236785330222,2.0,Suburb,Condo
100326,222484.0,1741.5996991035788,3.0,Suburb,Condo
100327,202760.0,1318.562515970059,2.0,Suburb,Condo
100328,243263.0,1885.710880337752,3.0,Uptown,SingleFamily
100329,186766.0,1689.3699817804136,2.0,Suburb,SingleFamily
100330,205423.0,1242.5295440535424,2.0,Midtown,SingleFamily
100331,241914.0,1445.5350956899313,2.0,Suburb,Condo
100332,209101.0,1057.43767987109,2.0,Midtown,Townhouse
100333,220598.0,2024.299740211689,3.0,Suburb,Townhouse
100334,207855.0,1404.546953925426,1.0,Suburb,SingleFamily
100335,190919.0,2206.564274818815,2.0,Downtown,SingleFamily
100336,172789.0,1081.9089717269042,2.0,Suburb,Condo
100337,198195.0,1178.263212666545,1.0,Downtown,MultiFamily
100338,211862.0,1314.7329013341557,0.0,Suburb,Condo
100339,243446.0,2734.7665510477705,3.0,Downtown,SingleFamily
100340,219957.0,,3.0,Waterfront,Condo
100341,201373.0,1243.7585578212868,1.0,Downtown,Condo
100342,185225.0,2379.276679683758,3.0,Waterfront,SingleFamily
100343,222806.0,782.4912016353495,1.0,Suburb,Condo
100344,203359.0,1611.4718672751276,1.0,Uptown,Townhouse
100345,186563.0,,5.0,Suburb,Townhouse
100346,205536.0,1713.5478688782944,2.0,Suburb,Condo
100347,224201.0,2046.261214552808,3.0,Waterfront,SingleFamily
100348,205897.0,2190.411999790084,3.0,Midtown,SingleFamily
100349,213905.0,2600.50733848325,4.0,Uptown,SingleFamily
100350,228418.0,735.7472559334997,1.0,Downtown,Townhouse
100351,213053.0,1165.8267038428137,2.0,Suburb,SingleFamily
100352,199233.0,1441.7341687847083,2.0,Downtown,Condo
100353,233813.0,1152.6203600903916,1.0,Uptown,Condo
100354,218524.0,2343.050148396343,3.0,Uptown,Condo
100355,255893.0,1421.814232352914,2.0,Uptown,MultiFamily
100356,168614.0,965.7589244925784,1.0,Uptown,SingleFamily
100357,253996.0,1347.7544674924764,2.0,Suburb,SingleFamily
100358,201234.0,802.4049399760198,1.0,Suburb,SingleFamily
100359,222639.0,1507.2710784078004,1.0,Uptown,Townhouse
100360,222469.0,1779.4605854141037,2.0,Uptown,SingleFamily
100361,226424.0,1722.3381764678647,2.0,Waterfront,SingleFamily
100362,203287.0,,3.0,Downtown,Townhouse
100363,190078.0,2037.5063115038947,4.0,Downtown,Condo
100364,218941.0,1261.8876980069665,,Downtown,Condo
100365,215327.0,,1.0,Suburb,MultiFamily
100366,211024.0,2030.522754003768,3.0,Uptown,Townhouse
100367,224742.0,2131.062754354954,3.0,Suburb,MultiFamily
100368,210139.0,1823.0880072236864,4.0,Suburb,Condo
100369,238842.0,,3.0,Midtown,SingleFamily
100370,196562.0,1088.2325726931704,1.0,Suburb,Condo
100371,216968.0,3304.579078471482,4.0,Suburb,Condo
100372,230378.0,1006.4658211694208,1.0,Midtown,Condo
100373,194900.0,1830.2869274847124,3.0,Midtown,Condo
100374,178056.0,836.6688114624139,1.0,Midtown,MultiFamily
100375,194797.0,1068.9235141085128,1.0,Downtown,Townhouse
100376,180694.0,2924.062005493223,5.0,Downtown,SingleFamily
100377,210668.0,1569.771053558305,2.0,Waterfront,Townhouse
100378,239976.0,2195.078113290294,3.0,Uptown,Townhouse
100379,200598.0,1964.3847796650932,4.0,Midtown,SingleFamily
100380,216326.0,1576.976437331024,2.0,Suburb,Condo
100381,237605.0,2558.938015543774,3.0,Uptown,MultiFamily
100382,211479.0,,,Waterfront,SingleFamily
100383,192369.0,1126.354581031083,1.0,Suburb,SingleFamily
100384,178328.0,1235.0490536363782,2.0,Uptown,Townhouse
100385,243662.0,1707.7245742400662,2.0,Midtown,Condo
100386,224966.0,1916.8302460118864,3.0,Waterfront,MultiFamily
100387,248182.0,,1.0,Suburb,Townhouse
100388,236417.0,1207.7085927264563,2.0,Waterfront,Condo
100389,208015.0,1207.6088516758716,1.0,Downtown,Townhouse
100390,214973.0,1848.4184158190687,2.0,Suburb,SingleFamily
100391,219288.0,1297.8057645839428,2.0,Suburb,SingleFamily
100392,236379.0,1380.319277858056,2.0,Downtown,SingleFamily
100393,219018.0,1472.8967664926663,2.0,Uptown,SingleFamily
100394,243401.0,2143.159971155036,2.0,Suburb,Condo
100395,187947.0,1906.820470591628,3.0,Downtown,MultiFamily
100396,226895.0,1554.5887802945356,1.0,Uptown,Townhouse
100397,207659.0,1831.3085985200375,2.0,Suburb,SingleFamily
100398,224214.0,1478.781192964807,1.0,Midtown,Condo
100399,236175.0,1192.9669427771162,2.0,Uptown,MultiFamily
100400,203236.0,990.8951943215887,1.0,Uptown,Condo
100401,217184.0,1013.2543685026192,1.0,Midtown,Condo
100402,222998.0,1377.2105509701664,2.0,Waterfront,Townhouse
100403,253861.0,,3.0,Suburb,Condo
100404,251772.0,1417.6003768281694,1.0,Downtown,Condo
100405,237509.0,2579.628011223841,3.0,Waterfront,SingleFamily
100406,203043.0,1037.4443319573677,1.0,Suburb,Townhouse
100407,234789.0,,1.0,Midtown,MultiFamily
100408,220545.0,1674.0857454926731,1.0,Suburb,Townhouse
100409,211918.0,1938.2253007252032,2.0,Downtown,SingleFamily
100410,242007.0,1712.0922355635896,1.0,Waterfront,Townhouse
100411,184204.0,,2.0,Suburb,SingleFamily
100412,220574.0,1350.4102921915478,2.0,Suburb,SingleFamily
100413,248919.0,1495.6231944707793,2.0,Downtown,Townhouse
100414,206247.0,2515.113779607017,4.0,Suburb,MultiFamily
100415,245043.0,682.0032478905282,1.0,Downtown,Townhouse
100416,200852.0,1589.2290492365755,2.0,Midtown,Condo
100417,228991.0,2608.0750562011854,5.0,Downtown,SingleFamily
100418,232392.0,1991.096843129055,3.0,Suburb,SingleFamily
100419,225733.0,1707.1334086538163,1.0,Midtown,Condo
100420,211405.0,1344.699465960495,1.0,Waterfront,Townhouse
100421,276216.0,,2.0,Suburb,SingleFamily
100422,217323.0,,1.0,Downtown,SingleFamily
100423,240013.0,632.3732732652959,0.0,Downtown,MultiFamily
100424,211408.0,2392.198341759786,3.0,Downtown,SingleFamily
100425,224385.0,1488.0945801419914,3.0,Suburb,SingleFamily
100426,210406.0,1541.5832539193034,2.0,Suburb,Townhouse
100427,231773.0,,1.0,Midtown,MultiFamily
100428,238192.0,1103.7961951144027,1.0,Suburb,Townhouse
100429,233236.0,1618.340960409958,1.0,Downtown,SingleFamily
100430,229751.0,1400.5887768006137,2.0,Suburb,Townhouse
100431,210863.0,,3.0,Waterfront,SingleFamily
100432,240267.0,2461.1609454382387,2.0,Suburb,SingleFamily
100433,191953.0,2350.2979262107224,3.0,Suburb,SingleFamily
100434,257430.0,1907.426588731224,3.0,Suburb,MultiFamily
100435,194517.0,2571.433672898933,3.0,Downtown,Townhouse
100436,236483.0,1244.3171453934035,1.0,Midtown,SingleFamily
100437,219554.0,1452.1097774466482,1.0,Downtown,Townhouse
100438,227727.0,2431.932376981147,3.0,Uptown,Townhouse
100439,220144.0,2814.6379937139054,4.0,Suburb,Townhouse
100440,213487.0,994.6418501163838,1.0,Suburb,Condo
100441,213313.0,1466.5611645952972,2.0,Suburb,Condo
100442,238444.0,2766.5114013658344,4.0,Downtown,SingleFamily
100443,222814.0,2509.4720888053125,,Suburb,SingleFamily
100444,250758.0,1935.9279689392192,3.0,Midtown,SingleFamily
100445,220265.0,1304.80692327551,2.0,Midtown,Condo
100446,243493.0,1580.7736783320722,2.0,Suburb,Townhouse
100447,255019.0,1721.371562476641,3.0,Waterfront,Condo
100448,244946.0,1923.0525191291329,3.0,Suburb,SingleFamily
100449,250125.0,1694.4228877493874,3.0,Downtown,SingleFamily
100450,182075.0,1681.6143727261774,3.0,Suburb,Condo
100451,227073.0,1356.516051462192,1.0,Downtown,SingleFamily
100452,223309.0,1970.899429739983,3.0,Suburb,Condo
100453,231923.0,4500.0,6.0,Suburb,Condo
100454,186774.0,719.1390094482781,0.0,Downtown,Condo
100455,221931.0,1500.2760199568454,1.0,Downtown,Condo
100456,239119.0,1385.6622580350272,1.0,Midtown,SingleFamily
100457,212899.0,2042.8290229976,3.0,Waterfront,MultiFamily
100458,216232.0,1504.6191906012057,1.0,Uptown,Condo
100459,227834.0,2742.5657625527674,4.0,Suburb,SingleFamily
100460,210977.0,,4.0,Suburb,SingleFamily
100461,254983.0,1698.2394762277677,2.0,Uptown,MultiFamily
100462,260322.0,2556.0498052891426,4.0,Downtown,SingleFamily
100463,267800.0,685.0526777799461,1.0,Waterfront,Condo
100464,187035.0,3154.7303514503483,5.0,Midtown,SingleFamily
100465,218209.0,1865.476421163828,4.0,Uptown,Townhouse
100466,219822.0,2558.6758933666465,4.0,Suburb,MultiFamily
100467,217721.0,1179.733080971431,2.0,Suburb,Townhouse
100468,219274.0,1494.0271548103606,1.0,Waterfront,SingleFamily
100469,198034.0,1409.6241717020828,1.0,Downtown,Condo
100470,217908.0,1626.2576578750677,3.0,Uptown,Townhouse
100471,226980.0,,2.0,Uptown,SingleFamily
100472,221797.0,2778.2605414221,3.0,Uptown,SingleFamily
100473,236887.0,798.0513068202636,1.0,Downtown,Townhouse
100474,232503.0,2019.967447368031,3.0,Downtown,MultiFamily
100475,202165.0,1813.290933205874,2.0,Midtown,SingleFamily
100476,227139.0,1449.0686933362524,2.0,Midtown,Townhouse
100477,227189.0,1135.8194683716868,2.0,Uptown,SingleFamily
100478,252098.0,2156.1231152179225,2.0,Suburb,Townhouse
100479,269886.0,902.4039447557788,0.0,Suburb,SingleFamily
100480,214104.0,2052.754654297011,3.0,Uptown,Townhouse
100481,218957.0,878.1021734920572,1.0,Uptown,Condo
100482,198118.0,1538.726290995636,2.0,Midtown,MultiFamily
100483,229224.0,1522.7769791336725,1.0,Uptown,MultiFamily
100484,214742.0,2722.5884738278364,3.0,Midtown,SingleFamily
100485,282086.0,1349.4747084303674,2.0,Downtown,MultiFamily
100486,242382.0,1490.775157506715,3.0,Uptown,SingleFamily
100487,231159.0,1591.9087651035152,1.0,Uptown,SingleFamily
100488,196493.0,2822.868848755059,4.0,Midtown,SingleFamily
100489,223409.0,1973.7763964052888,3.0,Uptown,Townhouse
100490,201905.0,1429.427804503264,0.0,Uptown,Townhouse
100491,276222.0,1506.0472057866075,2.0,Suburb,Condo
100492,217230.0,1213.7718461060515,1.0,Suburb,SingleFamily
100493,207005.0,1874.2539582606191,3.0,Suburb,Condo
100494,209676.0,760.5672240277481,1.0,Midtown,Condo
100495,214822.0,2732.9277872075336,5.0,Suburb,SingleFamily
100496,209473.0,1711.3153380887595,3.0,Uptown,Townhouse
100497,228298.0,3413.29414823724,4.0,Uptown,Condo
100498,256911.0,1429.3178138791473,1.0,Suburb,SingleFamily
100499,249870.0,,2.0,Midtown,SingleFamily
100500,243267.0,,4.0,Uptown,Condo
100501,235252.0,2482.413059860881,4.0,Suburb,Condo
100502,225691.0,1417.0404449544474,2.0,Suburb,Townhouse
100503,206287.0,2161.1345122250823,3.0,Waterfront,SingleFamily
100504,226867.0,1902.0732885911304,,Uptown,SingleFamily
100505,239752.0,1633.833794980005,1.0,Uptown,Condo
100506,222293.0,1644.9443739591266,2.0,Suburb,SingleFamily
100507,262089.0,1364.765446864094,2.0,Midtown,Condo
100508,223080.0,1033.4744620461554,0.0,Suburb,Townhouse
100509,247279.0,1664.521890214389,2.0,Uptown,MultiFamily
100510,234822.0,1567.9232244261489,2.0,Downtown,Condo
100511,243422.0,1236.9490776944845,,Downtown,Condo
100512,246063.0,1027.3440804091983,0.0,Suburb,Townhouse
100513,229841.0,2430.8254062146107,3.0,Downtown,SingleFamily
100514,237666.0,1715.712565332001,3.0,Midtown,MultiFamily
100515,220472.0,1171.329509786307,,Midtown,MultiFamily
100516,238329.0,1214.1382484636667,0.0,Downtown,Condo
100517,247229.0,832.7768415910766,1.0,Midtown,Condo
100518,232001.0,1467.1931830752978,2.0,Suburb,SingleFamily
100519,238849.0,1109.612382954747,2.0,Downtown,Condo
100520,225321.0,3229.063009834711,5.0,Suburb,SingleFamily
100521,211821.0,1679.369682804254,2.0,Suburb,SingleFamily
100522,219975.0,1761.770909556023,2.0,Midtown,Condo
100523,253100.0,1424.518767997294,2.0,Downtown,SingleFamily
100524,209554.0,1784.300331631408,,Suburb,Condo
100525,258972.0,1408.825382673598,2.0,Downtown,Townhouse
100526,212411.0,2454.233594522117,2.0,Midtown,SingleFamily
100527,217820.0,1657.086189765858,2.0,Waterfront,SingleFamily
100528,228889.0,1152.415107243403,2.0,Waterfront,SingleFamily
100529,257470.0,1295.067166773155,2.0,Suburb,SingleFamily
100530,245096.0,1253.6854809819347,1.0,Midtown,MultiFamily
100531,264715.0,1133.2320046334614,2.0,Suburb,MultiFamily
100532,253906.0,2424.969450324358,4.0,Suburb,SingleFamily
100533,243378.0,1196.2909118903438,3.0,Midtown,Condo
100534,219527.0,4500.0,6.0,Suburb,SingleFamily
100535,246008.0,781.9571093807951,,Downtown,MultiFamily
100536,252920.0,1671.1572216814272,2.0,Midtown,Townhouse
100537,260194.0,1102.3686278110215,1.0,Uptown,Townhouse
100538,232517.0,1245.5214180062014,1.0,Downtown,Townhouse
100539,244280.0,1407.396490141227,0.0,Downtown,Condo
100540,255146.0,930.8703593792516,1.0,Suburb,SingleFamily
100541,233938.0,1868.4960611132333,3.0,Waterfront,Townhouse
100542,220509.0,3699.739207896792,5.0,Uptown,SingleFamily
100543,231928.0,1792.3745707903854,3.0,Suburb,SingleFamily
100544,239258.0,2188.4148542361486,3.0,Waterfront,SingleFamily
100545,254656.0,2119.048810298082,4.0,Downtown,Townhouse
100546,237640.0,1544.7483178445736,2.0,Uptown,Townhouse
100547,249192.0,1475.369777572345,2.0,Midtown,SingleFamily
100548,218042.0,,1.0,Downtown,SingleFamily
100549,237852.0,2262.773951518707,4.0,Suburb,Townhouse
100550,247251.0,1826.927835321492,2.0,Uptown,SingleFamily
100551,251879.0,1038.5290874401974,1.0,Uptown,Condo
100552,201919.0,1797.7817963925622,3.0,Downtown,SingleFamily
100553,248816.0,1147.9257247804917,1.0,Midtown,Condo
100554,244886.0,1293.4273752262536,2.0,Waterfront,Condo
100555,236443.0,2126.43448342597,4.0,Downtown,SingleFamily
100556,216188.0,881.4481289523917,1.0,Midtown,Condo
100557,248340.0,2031.5622353423316,3.0,Midtown,Condo
100558,272872.0,907.6055273034374,2.0,Uptown,Condo
100559,221481.0,1297.3182226507336,2.0,Uptown,Townhouse
100560,223218.0,3725.778744623846,6.0,Uptown,SingleFamily
100561,233187.0,1987.3833770138915,1.0,Downtown,Condo
100562,244319.0,1870.8747802172743,3.0,Midtown,SingleFamily
100563,248765.0,,1.0,Suburb,SingleFamily
100564,244972.0,1359.340171053766,2.0,Suburb,Condo
100565,270192.0,1678.484127650158,2.0,Suburb,Condo
100566,229262.0,2128.415598242256,3.0,Suburb,SingleFamily
100567,281628.0,2034.886199376912,2.0,Suburb,SingleFamily
100568,245918.0,1701.4032318612883,1.0,Downtown,SingleFamily
100569,244900.0,1677.3470906949944,2.0,Midtown,SingleFamily
100570,270797.0,893.6439615286995,1.0,Uptown,Condo
100571,265465.0,1298.832730191904,1.0,Midtown,Townhouse
100572,206964.0,2893.199953478126,4.0,Suburb,SingleFamily
100573,261395.0,916.9775554164726,3.0,Uptown,Condo
100574,242242.0,,3.0,Suburb,SingleFamily
100575,251273.0,1576.6949398839467,3.0,Suburb,SingleFamily
100576,229429.0,1976.2821375756864,3.0,Uptown,SingleFamily
100577,268486.0,1501.137430335842,3.0,Waterfront,Townhouse
100578,225088.0,2743.768948176988,4.0,Uptown,Townhouse
100579,256725.0,1953.3558164537,1.0,Suburb,Condo
100580,218421.0,889.6862673438225,1.0,Midtown,Condo
100581,256359.0,2404.097384189335,4.0,Uptown,SingleFamily
100582,239442.0,1128.7564853387628,1.0,Uptown,Condo
100583,258456.0,1094.4981974201226,1.0,Downtown,Condo
100584,226791.0,1571.579835484832,2.0,Midtown,Condo
100585,253984.0,1310.138850196045,2.0,Waterfront,Condo
100586,240901.0,2871.2407594989204,5.0,Suburb,SingleFamily
100587,250760.0,1128.8125048385762,2.0,Downtown,Townhouse
100588,227172.0,1216.0567205081904,2.0,Midtown,MultiFamily
100589,255567.0,1119.0889404752395,1.0,Midtown,Condo
100590,231687.0,1410.9611785946076,,Downtown,SingleFamily
100591,247872.0,2526.8204303147486,3.0,Waterfront,Townhouse
100592,233515.0,2038.7225766083047,1.0,Uptown,Townhouse
100593,242335.0,3289.4655504908906,5.0,Midtown,SingleFamily
100594,267053.0,3511.0677460878173,5.0,Uptown,MultiFamily
100595,273662.0,1199.0070546923578,2.0,Downtown,SingleFamily
100596,232811.0,1443.2411971017243,3.0,Midtown,Condo
100597,235624.0,1083.90971433805,2.0,Suburb,Condo
100598,244889.0,1600.1264322914617,1.0,Suburb,SingleFamily
100599,239545.0,1248.2166372570546,1.0,Waterfront,Condo
100600,257287.0,1450.9819223465338,,Suburb,SingleFamily
